user,repository
mdo,bootstrap
mdo,ama
cvrebert,bootstrap
cvrebert,bashrc
fat,bootstrap
fat,bean
XhmikosR,bootstrap
XhmikosR,avisynth-mt
patrickhlauke,bootstrap
patrickhlauke,a11y
hnrch02,bootstrap
hnrch02,bootstrap-german
Johann-S,bootstrap
Johann-S,Adafruit-PN532
juthilo,bootstrap
juthilo,bootstrap-german
twbs-grunt,bootstrap
kkirsche,bootstrap
kkirsche,3-000_Alumni_Strong
bardiharborow,bootstrap
bardiharborow,afch-rewrite
vsn4ik,bootstrap
vsn4ik,bootstrap-checkbox
pvdlg,bootstrap
pvdlg,atom
Quy,bootstrap
Quy,docs
andresgalante,bootstrap
andresgalante,.vim
pat270,bootstrap
pat270,alloy-ui
StevenBlack,bootstrap
StevenBlack,AddLabel
gijsbotje,bootstrap
gijsbotje,2048
glebm,bootstrap
glebm,actionmailer_inline_css
burnsra,bootstrap
burnsra,ADW.ics
thomas-mcdonald,bootstrap
thomas-mcdonald,blueprint
bassjobsen,bootstrap
bassjobsen,1pxdeep
smerik,bootstrap
smerik,aur-editorconfig-core
ysds,bootstrap
ysds,ag-grid-angular-seed
BBosman,bootstrap
BBosman,allReady
liuyl,bootstrap
supergibbs,bootstrap
supergibbs,angular.js
Yohn,bootstrap
Yohn,animate.css
zalog,bootstrap
zalog,30-seconds-of-css
coliff,bootstrap
coliff,angulartics-google-adwords-remarketing-tag
Starsam80,bootstrap
Starsam80,bootstrap-tests
tagliala,bootstrap
tagliala,2048-Bench
ntwb,bootstrap
ntwb,.github
ssorallen,bootstrap
ssorallen,airdryer
lookfirst,bootstrap
lookfirst,alpaca
tlindig,bootstrap
tlindig,indexed-map
acmetech,bootstrap
acmetech,docsearch-configs
Herst,bootstrap
Herst,api.jquery.com
andriijas,bootstrap
andriijas,adventofcode
lipis,bootstrap
lipis,angular-styleguide
MartijnCuppens,bootstrap
MartijnCuppens,background-check
zacechola,bootstrap
zacechola,bootlint
mrmrs,bootstrap
mrmrs,-
saas786,bootstrap
saas786,13checklist
lucascono,bootstrap
lucascono,argentina-freelance
boulox,bootstrap
boulox,DOCter
m5o,bootstrap
m5o,bootswatch
davidjb,bootstrap
davidjb,2016-devnq-open-source-talk
wilfra,bootstrap
wilfra,acts_as_votable
vanillajonathan,bootstrap
vanillajonathan,anbox
purwandi,bootstrap
purwandi,advisor
caniszczyk,bootstrap
caniszczyk,AHEasing
jsdf,bootstrap
jsdf,atom-linter-refmt
thekondrashov,bootstrap
thekondrashov,drupal-library-module
ArturKwiatkowski,bootstrap
buraktuyan,bootstrap
jacobrask,bootstrap
jacobrask,.dotfiles
neilhem,bootstrap
neilhem,angular
jodytate,bootstrap
jodytate,airhorn
Synchro,bootstrap
Synchro,amee-lib-php
chiraggmodi,bootstrap
chiraggmodi,Filterable-Portfolio
aristath,bootstrap
aristath,a11y-dropdown
cgunther,bootstrap
cgunther,actv
eratzlaff,bootstrap
eratzlaff,2checkout-java
ghusse,bootstrap
ghusse,bitbucket-pullrequest-builder-plugin
smaboshe,bootstrap
smaboshe,Bootpolish
vickash,bootstrap
vickash,arduino_tools
trumbitta,bootstrap
trumbitta,angular-poller
wangsai,bootstrap
wangsai,acme.sh
nicole,bootstrap
Varunram,bootstrap
Varunram,a-million-times
aavmurphy,bootstrap
aavmurphy,bootstrap-colours
blakeembrey,bootstrap
blakeembrey,arity
haydenbleasel,bootstrap
haydenbleasel,basics
jamiebuilds,bootstrap
jamiebuilds,667DarkAve.github.io
wrightlabs,bootstrap
wrightlabs,alloy.sync.restful
dudebout,bootstrap
dudebout,amazonka
thomaswelton,bootstrap
thomaswelton,Acetone
davethegr8,bootstrap
davethegr8,art
akalicki,bootstrap
akalicki,akalicki.github.io
bradly,bootstrap
bradly,activestorage
tierra,bootstrap
tierra,after_transaction_commit
frabrunelle,bootstrap
frabrunelle,awesome-decentralized-web
ggam,bootstrap
ggam,blog
SSPMark,bootstrap
ansman,bootstrap
ansman,a
prateekgoel,bootstrap
prateekgoel,android-async-http
rvagg,bootstrap
rvagg,archived-blorg
rvinay88,bootstrap
rvinay88,adminui
J2TeaM,bootstrap
J2TeaM,AdBlock-Checker
budnik,bootstrap
budnik,.files
iamandrewluca,bootstrap
iamandrewluca,automate-workflow
bastienmoulia,bootstrap
bastienmoulia,album-cover-generator
chrisbell08,bootstrap
chrisbell08,banquo-server
florisverburg,bootstrap
florisverburg,djpatty
Calvein,bootstrap
Calvein,add-script
MGaetan89,bootstrap
MGaetan89,Android-Support-Preference-V7-Fix
heikojansen,bootstrap
heikojansen,biblio-sici
sody,bootstrap
sody,dynamit
tinyfly,bootstrap
tinyfly,AsyncMaps
huyouare,bootstrap
huyouare,AudioTest
Lausselloic,bootstrap
Lausselloic,a11y.css
marktopper,bootstrap
marktopper,.setup
martinbean,bootstrap
martinbean,api-framework
maxiloc,bootstrap
maxiloc,babel.github.io
mikegreiling,bootstrap
mikegreiling,babel-preset-env
nschonni,bootstrap
nschonni,A11yCampTO2013
necolas,bootstrap
necolas,babel-react-render-defender
rjregenold,bootstrap
rjregenold,AQGridView
tmorehouse,bootstrap
tmorehouse,ab-datepicker
desheikh,bootstrap
desheikh,activerecord_csv_importer
marsuboss,bootstrap
marsuboss,yii2
petetnt,bootstrap
petetnt,admin-on-rest
pthrasher,bootstrap
pthrasher,aerogel
sankage,bootstrap
sankage,api-test
tobz,bootstrap
tobz,adventures-in-compression
alienlebarge,bootstrap
alienlebarge,a11yproject.com
vannitotaro,bootstrap
vannitotaro,asaclock-blog
lesleh,bootstrap
lesleh,Android-CustomFontTextView
peterblazejewicz,bootstrap
peterblazejewicz,aci-helloworld
tensorflower-gardener,tensorflow
caisq,tensorflow
caisq,audapter_matlab
vrv,tensorflow
vrv,FAWN-KV
benoitsteiner,tensorflow
benoitsteiner,libxsmm
gunan,tensorflow
gunan,continuous-integration
martinwicke,tensorflow
martinwicke,char-rnn
mrry,tensorflow
mrry,application-materials
yifeif,tensorflow
yifeif,cs231n_project
ebrevdo,tensorflow
ebrevdo,.emacs.d
ilblackdragon,tensorflow
ilblackdragon,adversarial_workshop
yongtang,tensorflow
yongtang,clamav.js
alextp,tensorflow
alextp,autograd
asimshankar,tensorflow
asimshankar,amarok-remote
av8ramit,tensorflow
av8ramit,caprende
hawkinsp,tensorflow
hawkinsp,hawkinsp.github.com
jhseu,tensorflow
jhseu,buildifier
terrytangyuan,tensorflow
terrytangyuan,AnomalyDetection
andrewharp,tensorflow
andrewharp,gemmlowp
xiejw,tensorflow
xiejw,dockerfiles
jlebar,tensorflow
jlebar,Apollo-Expeditions-to-the-Moon
skye,tensorflow
skye,21M.380-project
ispirmustafa,tensorflow
ispirmustafa,homework
annarev,tensorflow
annarev,benchmarks
jart,tensorflow
jart,aggregate-framework
dsmilkov,tensorflow
dsmilkov,deeplearnjs-legacy-converter
petewarden,tensorflow
petewarden,aiyprojects-raspbian
girving,tensorflow
girving,ace
drpngx,tensorflow
sanjoy,tensorflow
sanjoy,AIMA
zhangyaobit,tensorflow
suharshs,tensorflow
suharshs,bindibot
MarkDaoust,tensorflow
MarkDaoust,dcgan-oreilly
decentralion,tensorflow
decentralion,abalone
allenlavoie,tensorflow
allenlavoie,bazel
aselle,tensorflow
aselle,aselle.github.io
jvdillon,tensorflow
rohan100jain,tensorflow
rohan100jain,Beatameister
concretevitamin,tensorflow
concretevitamin,arrow
josh11b,tensorflow
keveman,tensorflow
keveman,carbon
langmore,tensorflow
langmore,boot-camps
yuanbyu,tensorflow
yuanbyu,sharpen
meheffernan,tensorflow
saeta,tensorflow
saeta,aws-sdk-java
lukeiwanski,tensorflow
lukeiwanski,computecpp-sdk
itsmeolivia,tensorflow
itsmeolivia,arrow
facaiy,tensorflow
facaiy,angel
fchollet,tensorflow
fchollet,deep-learning-models
sukritiramesh,tensorflow
meteorcloudy,tensorflow
meteorcloudy,abseil-cpp
rmlarsen,tensorflow
charlesnicholson,tensorflow
charlesnicholson,cmake-external-project-test
yuefengz,tensorflow
yuefengz,benchmarks
frankchn,tensorflow
frankchn,avalon
jpienaar,tensorflow
jpienaar,charted
davidsoergel,tensorflow
davidsoergel,awesome-pipeline
zheng-xq,tensorflow
zheng-xq,convnet-benchmarks
vincentvanhoucke,tensorflow
vincentvanhoucke,agents
case540,tensorflow
case540,flatbuffers
nsthorat,tensorflow
nsthorat,AirPlayer
isaprykin,tensorflow
isaprykin,models
samikama,tensorflow
samikama,amazon-dsstne
dave-andersen,tensorflow
dave-andersen,bgp_predict
rryan,tensorflow
rryan,buildserver
sb2nov,tensorflow
sb2nov,apitools
jendap,tensorflow
jendap,avro
akshayka,tensorflow
akshayka,bft2f
eliben,tensorflow
eliben,4clojure-solutions
iganichev,tensorflow
iganichev,kig_sys_class
learyg,tensorflow
DavidNorman,tensorflow
DavidNorman,gcd
ManHyuk,tensorflow
ManHyuk,2017-Assignment-8
aaroey,tensorflow
aaroey,models
imsheridan,tensorflow
imsheridan,acm-cheat-sheet
kayzhu,tensorflow
kayzhu,CS-Basics
sguada,tensorflow
sguada,caffe-public
miaout17,tensorflow
miaout17,albino
akshaym,tensorflow
akshaym,tensorboard
majnemer,tensorflow
majnemer,clang
jsimsa,tensorflow
jsimsa,alluxio
nealwu,tensorflow
nealwu,baselines
sherrym,tensorflow
sherrym,dl-school-2016
Androbin,tensorflow
Androbin,apertium-html-tools
taehoonlee,tensorflow
taehoonlee,caffe
RenatoUtsch,tensorflow
RenatoUtsch,boids
rinugun,tensorflow
angersson,tensorflow
angersson,models
alanyee,tensorflow
alanyee,abseil-py
lukaszkaiser,tensorflow
lukaszkaiser,models
protoget,tensorflow
protoget,awesome-courses
yzhwang,tensorflow
yzhwang,arrayfire
guschmue,tensorflow
guschmue,CNTK
wujingyue,tensorflow
wujingyue,acm
rongjiecomputer,tensorflow
rongjiecomputer,abseil-cpp
fayeshine,tensorflow
fayeshine,easytrader
kirilg,tensorflow
kirilg,serving
saxenasaurabh,tensorflow
saxenasaurabh,3dcloud-web-viewer
jjsjann123,tensorflow
jjsjann123,boneFlappingAuxCode
theweiho,tensorflow
theweiho,fairseq-py
snnn,tensorflow
snnn,bazel
ysuematsu,tensorflow
yacoder,tensorflow
yacoder,allo-cpp
yunxing,tensorflow
yunxing,588repo
yaroslavvb,tensorflow
yaroslavvb,amalgamate
blakehechtman,tensorflow
dongjoon-hyun,tensorflow
dongjoon-hyun,AlphaGo
vinuraja,tensorflow
vinuraja,serving
rajendraarora16,tensorflow
rajendraarora16,ace
d0k,tensorflow
d0k,BA-Benjamin-Kramer
gaohuazuo,tensorflow
gaohuazuo,baidupcsapi
alisidd,tensorflow
alisidd,AES-256
broune,tensorflow
broune,LELA
ringw,tensorflow
ringw,BufferedStreams.jl
samjabrahams,tensorflow
samjabrahams,anchorhub
tfboyd,tensorflow
tfboyd,benchmarks
shivaniag,tensorflow
shivaniag,CSE291
bixia1,tensorflow
ibab,tensorflow
ibab,babushk.in
rjpower,tensorflow
rjpower,accelerate
Mistobaan,tensorflow
Mistobaan,aaws
zpao,react
zpao,acts_as_taggable_on_steroids
sophiebits,react
sophiebits,algorithms
gaearon,react
gaearon,6to5
sebmarkbage,react
sebmarkbage,agendas
jimfb,react
jimfb,angular
acdlite,react
acdlite,6to5
petehunt,react
petehunt,angularjs-tutorials
bvaughn,react
bvaughn,angular-form-for
chenglou,react
chenglou,abbyhe.github.io
vjeux,react
vjeux,animated
benjamn,react
benjamn,acorn
subtleGradient,react
subtleGradient,Appify-UI
yungsters,react
yungsters,babel-plugin-flow-comments
nhunzaker,react
nhunzaker,3D-particles
syranide,react
syranide,closure-compiler
aweary,react
aweary,acorn
cpojer,react
cpojer,ast-types
trueadm,react
trueadm,angular
koba04,react
koba04,a11y-guidelines
flarnie,react
flarnie,accio
marocchino,react
marocchino,1
kohei-takata,react
kohei-takata,AngularJS
keyanzhang,react
keyanzhang,advent-of-code-js
chicoxyzzy,react
chicoxyzzy,2017.rustfest.eu
mcsheffrey,react
mcsheffrey,airshow
bgw,react
bgw,ansible-honeybadger
hellendag,react
hellendag,atom
joshduck,react
joshduck,date-offset
aickin,react
aickin,babel
iamdustan,react
iamdustan,2013-cltfed-bonsai
jquense,react
jquense,asf-info-parser
Daniel15,react
Daniel15,511php
fisherwebdev,react
fisherwebdev,.dots
fabiomcosta,react
fabiomcosta,6to5.github.io
jordwalke,react
jordwalke,atom-html-preview
raphamorim,react
raphamorim,100-coisas-dev
arkist,react
arkist,arkist.github.io
cody,react
cody,cartographer
iamchenxin,react
iamchenxin,ajaxedit
tomocchino,react
tomocchino,isfiberreadyyet
Simek,react
Simek,babel
mroch,react
mroch,amazonian
graue,react
graue,adjacent
ivanzotov,react
ivanzotov,autoscaler
kmeht,react
kmeht,babel-jest
clemmy,react
clemmy,2a-resume
edvinerikson,react
edvinerikson,apollo-client
DarkScorpion,react
DarkScorpion,Angular-Webpack-Blank
bhamodi,react
bhamodi,AsyncDisplayKit
RReverser,react
RReverser,010-editor-templates
leebyron,react
leebyron,6to5
rayqian,react
rayqian,anub
yangshun,react
yangshun,2048-python
AnSavvides,react
AnSavvides,ansavvides.github.com
andreypopp,react
andreypopp,about-postcss
kassens,react
kassens,art
jaredly,react
jaredly,24pullrequests
joecritch,react
joecritch,barba.js
rickbeerendonk,react
rickbeerendonk,angular-examples
yiminghe,react
yiminghe,add-dom-event-listener
zertosh,react
zertosh,apm
dotu,react
dotu,adventure
camsong,react
camsong,angular.js
hzoo,react
hzoo,.-_-.
jgebhardt,react
jgebhardt,atom
SanderSpies,react
SanderSpies,acorn
dittos,react
dittos,1
puradox,react
puradox,apples
andrewdavey,react
andrewdavey,andrewdavey.github.com
ianobermiller,react
ianobermiller,activitywatch
RaitoBezarius,react
RaitoBezarius,0bin
wincent,react
wincent,ansible
piranha,react
piranha,abracad
awwright,react
awwright,api-browser
bripkens,react
bripkens,admin
bspaulding,react
bspaulding,.emacs.d
brigand,react
brigand,8bit.js
jbonta,react
jbonta,AssetPackager
jontewks,react
jontewks,bc-slack-alerts
lrowe,react
lrowe,apt-source-whitelist
lyip1992,react
lyip1992,akkademy-db
makky3939,react
makky3939,adarkroom
mzabriskie,react
mzabriskie,2015
matthewwithanm,react
matthewwithanm,assert-this.js
mxstbr,react
mxstbr,Aeryn
pedronauck,react
pedronauck,algorithms-with-es6
Pouja,react
Pouja,angular
SimenB,react
SimenB,12factor
abhaynikam,react
abhaynikam,Assignment
clayallsopp,react
clayallsopp,afmotion
aaronabramov,react
aaronabramov,777
drd,react
drd,2013.cascadiajs.com
jfo84,react
jfo84,algoClass
jbaiter,react
jbaiter,Android-Password-Store
josephsavona,react
josephsavona,anki-iknow-importer
joshma,react
joshma,6170_repo_management
julen,react
julen,babel
keito,react
keito,learnxinyminutes-docs
jeyraof,react
jeyraof,altdrag
dalinaum,react
dalinaum,ActionBarSherlock
mjul,react
mjul,aws-lambda-fsharp-lab
Andarist,react
Andarist,Amplitude-Javascript
matthewjohnston4,react
mertkahyaoglu,react
mertkahyaoglu,ales
mitermayer,react
mitermayer,Cockatrice
orta,react
orta,a
ClimbsRocks,react
ClimbsRocks,aerosolve
rricard,react
rricard,ABAGAIL
jddxf,react
jddxf,atom
elas7,react
elas7,budgeting-sample-app-webpack2
kentcdodds,react
kentcdodds,.janus
af,react
af,af.github.com
AlmeroSteyn,react
AlmeroSteyn,a11y-cli
azich,react
azich,fixmyjs
avanderhoorn,react
avanderhoorn,analyse
bernard-lin,react
bernard-lin,advanced-react-patterns
brianreavis,react
brianreavis,as3corelib
gasi,react
gasi,aeson
hejld,react
hejld,broccoli-todo
cbrwizard,react
cbrwizard,am_i_epilleptic
yyx990803,vue
yyx990803,angular.js
Hanks10100,vue
Hanks10100,backbone
defcc,vue
defcc,arasy
kazupon,vue
kazupon,AcceleratedBell
posva,vue
posva,2d-collisions
javoski,vue
javoski,AniFrame
ktsn,vue
ktsn,aigis
jkzing,vue
jkzing,algorithm
Kingwl,vue
Kingwl,2048_proj
gebilaoxiong,vue
gebilaoxiong,atom
Jinjiang,vue
Jinjiang,996.band
chrisvfritz,vue
chrisvfritz,2048
phanan,vue
phanan,cascading-config
S-YOU,vue
S-YOU,adventofcode2017
blake-newman,vue
blake-newman,api-blueprint
kaorun343,vue
kaorun343,awesome-vue
clarkdo,vue
clarkdo,adonuxt-template
HcySunYang,vue
HcySunYang,30-seconds-of-code
dsonet,vue
dsonet,agate
nickmessing,vue
nickmessing,angular-context-menu
KingMario,vue
KingMario,960-Grid-System
Akryum,vue
Akryum,apollo-client
pkaminski,vue
pkaminski,-foo.bar-this-that-
znck,vue
znck,a-first-day-guide
ulivz,vue
ulivz,akai
bluemsn,vue
bluemsn,13_questions_of_shell
mingmingwon,vue
mingmingwon,animate.css
asheb,vue
asheb,arrows-hack
chriscasola,vue
chriscasola,angular-smarter-models
hirokiosame,vue
hirokiosame,Abstract
JounQin,vue
JounQin,1stg
maciej-ka,vue
maciej-ka,24pullrequests
g-plane,vue
g-plane,beauty-json-cli
pi0,vue
pi0,AP2014
neelance,vue
neelance,antlr4ruby
Atinux,vue
Atinux,adonis-app
tejitak,vue
tejitak,airapi
xdamman,vue
xdamman,apex
zephraph,vue
zephraph,apollo-client
QingWei-Li,vue
QingWei-Li,2webpack2
fenduru,vue
fenduru,backbone-associations
jingsam,vue
jingsam,abaculus
superwf,vue
superwf,awesome-vue
yantene,vue
yantene,Android-Password-Store
fnlctrl,vue
fnlctrl,babel-plugin-transform-vue-jsx
lzxb,vue
lzxb,ag-grid
Alex-Sokolov,vue
Alex-Sokolov,12factor
bartlomieju,vue
bartlomieju,active-win
imyzf,vue
imyzf,cnblogs-crawler
adamawang,vue
adamawang,adamawang.github.io
STUkh,vue
STUkh,awesome-vue
alexandru-paduraru,vue
alexandru-paduraru,bootstrap
alexeden,vue
alexeden,archpi-server
alextes,vue
alextes,advent-of-code
KELiON,vue
KELiON,alfred-emoj
AlexandreBonneau,vue
AlexandreBonneau,autoNumeric
likealcohol,vue
likealcohol,guetzli
andyklimczak,vue
andyklimczak,4chan-API
arielpchara,vue
arielpchara,app-googlebook
franciscolourenco,vue
franciscolourenco,33-questions
fliptheweb,vue
fliptheweb,ab-group-size
Async0x42,vue
Async0x42,docker-transmission-openvpn
schtr4jh,vue
schtr4jh,oculus
bmax,vue
bmax,api-blueprint
BrandonSurowiec,vue
BrandonSurowiec,activitylog
brendanbowidas,vue
brendanbowidas,algorithms
bzmw,vue
bzmw,angular-leaflet-directive
BrianDGLS,vue
BrianDGLS,.vim
caioincau,vue
caioincau,Agenda-de-Contatos-iOS
cheapsteak,vue
cheapsteak,ant-design
chrisnicola,vue
chrisnicola,.github
CodinCat,vue
CodinCat,awesome-vue
kingdaro,vue
kingdaro,atom-hot-reload-example
dvdckl,vue
dvdckl,license-webpack-plugin
davidnuescheler,vue
davidnuescheler,best-of-swiss-web-2010
decademoon,vue
decademoon,AppBarButtonStuckOnDisabled
simplesmiler,vue
simplesmiler,additive
dennisgarrn,vue
dennisgarrn,angularjs-wordpress
dak,vue
dak,Alamofire
semenyukdmitry,vue
semenyukdmitry,active_admin_datetimepicker
jamOne-,vue
jamOne-,adventofcode2016
eddyerburgh,vue
eddyerburgh,atom-vue
Elevista,vue
Elevista,alarm-e
FadyMak,vue
FadyMak,auth0-bulk-user-mgmt-extension
felixbuenemann,vue
felixbuenemann,active_admin
kutyel,vue
kutyel,acho
Justineo,vue
Justineo,ash.css
Gcaufy,vue
Gcaufy,4BitGraph
guidobouman,vue
guidobouman,algebra.guido.vc
nunnly,vue
nunnly,audioPlayer
Henni,vue
Henni,BigOCheatSheet
HerringtonDarkholme,vue
HerringtonDarkholme,2017hosts
iagafonov,vue
iagafonov,expr-eval
jdaltonchilders,vue
jdaltonchilders,awesome-vue
javisperez,vue
javisperez,angular-daterangepicker
jsoref,vue
jsoref,acme
jlmakes,vue
jlmakes,gulp-highlight
kmc059000,vue
kmc059000,angular-lodash-module
LarsStegman,vue
LarsStegman,ColumnView
sliwey,vue
sliwey,ant-design
luisatmaniak,vue
luisatmaniak,css
LukasDrgon,vue
LukasDrgon,.jarvis.js
LukeeeeBennett,vue
LukeeeeBennett,At.js
zapashcanon,vue
zapashcanon,ardour
rohmanhm,vue
rohmanhm,aprilFools.css
madskonradsen,vue
madskonradsen,angular
maraisr,vue
maraisr,dimples
markbrouch,vue
markbrouch,airhockey
marshallshen,vue
marshallshen,2048
matheusazzi,vue
matheusazzi,blog-fake-api
zyml,vue
zyml,arras-theme
meyt,vue
meyt,apihero
MopTym,vue
MopTym,awesome-vue
sandersn,vue
sandersn,abstract-leveldown
DeyLak,vue
DeyLak,angular-resizable
palashmon,vue
palashmon,angular-error-handling
coisnepe,vue
coisnepe,alquilamoto
pvorona,vue
pvorona,angular-webpack
pdanpdan,vue
pdanpdan,app
pranayaryal,vue
pranayaryal,2015lab1
ljharb,javascript
ljharb,agendas
hshoff,javascript
hshoff,asana-cli
justjake,javascript
justjake,annyang
lencioni,javascript
lencioni,.vim
goatslacker,javascript
goatslacker,akira
architectcodes,javascript
architectcodes,101
sharmilajesupaul,javascript
sharmilajesupaul,angular-fullstack
ssorallen,javascript
ssorallen,airdryer
vsemozhetbyt,javascript
vsemozhetbyt,marked
chrisngobanh,javascript
chrisngobanh,babel-plugin-transform-postcss
thisconnect,javascript
thisconnect,cra-desktop
spikebrehm,javascript
spikebrehm,alt
1pete,javascript
1pete,angular2-starter
SimenB,javascript
SimenB,12factor
kesne,javascript
kesne,acorn-dynamic-import
Ryan-McBride,javascript
Ryan-McBride,algo-time-complexity-review
taion,javascript
taion,alice-website
joaomilho,javascript
joaomilho,achilles
felipethome,javascript
felipethome,audio-visualization
mitsuruog,javascript
mitsuruog,30-common-verbs-transcript
ajacksified,javascript
ajacksified,6to5
simono,javascript
simono,ansible-examples
graingert,javascript
graingert,2016.pyconuk.org
adrienverge,javascript
adrienverge,angular
AlicanC,javascript
AlicanC,AlicanC-s-Modern-Warfare-2-Tool
amsardesai,javascript
amsardesai,ankitsardesai.ca
asherdale,javascript
asherdale,big-idea-web-project
chentsulin,javascript
chentsulin,a-collection-of-frontend-libs
camazorro,javascript
camazorro,api.pm2.monitor
unkillbob,javascript
unkillbob,akjs-streams-presentation
karanjthakkar,javascript
karanjthakkar,all-contributors-bot
leonidlebedev,javascript
leonidlebedev,components_1930
nkt,javascript
nkt,angular-notifications
vprasanth,javascript
vprasanth,angular
RobLoach,javascript
RobLoach,81-libretro
pigoz,javascript
pigoz,angular-init
trshafer,javascript
trshafer,538riddlers
lvarayut,javascript
lvarayut,angular-charts
bl00mber,javascript
bl00mber,atom-todo-show
raunofreiberg,javascript
raunofreiberg,alex-portfolio
wyattdanger,javascript
wyattdanger,accesslint.js
jabacchetta,javascript
jabacchetta,bacchetta.co
evenfrost,javascript
evenfrost,angular-dragula
billyjanitsch,javascript
billyjanitsch,atom
carterchung,javascript
carterchung,carterchung.github.io
atkinchris,javascript
atkinchris,allokate
0xCMP,javascript
0xCMP,abcweb
cmalard,javascript
cmalard,1337
dandv,javascript
dandv,accounts-foursquare
daxelrod,javascript
daxelrod,airbnb-javascript
TheSavior,javascript
TheSavior,2048
fbergr,javascript
fbergr,dos-mode-13h
gmccue,javascript
gmccue,awspec
Doweig,javascript
Doweig,ark-explorer
hzoo,javascript
hzoo,.-_-.
horaceko,javascript
horaceko,.dotfiles
nmussy,javascript
nmussy,component.io
jondubin,javascript
jondubin,.emacs.d
kamronbatman,javascript
kamronbatman,angular-google-maps
KevinGrandon,javascript
KevinGrandon,aframe
koenpunt,javascript
koenpunt,a11y-service
kripod,javascript
kripod,abs-startpage-gatsby
ndresx,javascript
ndresx,airbnb-javascript
olistic,javascript
olistic,achoo-frontend
silvenon,javascript
silvenon,ama
reissbaker,javascript
reissbaker,adventure
kaplanmaxe,javascript
kaplanmaxe,async-mongo
uzumaxy,javascript
uzumaxy,aes
tikotzky,javascript
tikotzky,acorn-babel
geekjuice,javascript
geekjuice,AitchEnNjuzAPI
iamnirav,javascript
iamnirav,boarding-party
lasota-piotr,javascript
lasota-piotr,airbnb-footer
pra85,javascript
pra85,2states
ClimbsRocks,javascript
ClimbsRocks,aerosolve
remcohaszing,javascript
remcohaszing,angular-rh-format
rodocite,javascript
rodocite,atom-vim-mode-plus
doshisid,javascript
doshisid,autobuild-cli
sindrenm,javascript
sindrenm,angular-flash
timofurrer,javascript
timofurrer,.mutt
vladshcherbin,javascript
vladshcherbin,bootflat-color-picker-colors
chatoo2412,javascript
chatoo2412,angular-toastr
ronal2do,javascript
ronal2do,30-days-of-react-native
akai,javascript
akai,akai.github.io
johnmanong,javascript
johnmanong,arcanist-linters
nicoder,javascript
nicoder,20150314_wrocloverb_sonic_pi
vahan-hartooni,javascript
vahan-hartooni,angular-route-segment
fvgs,javascript
fvgs,.vim
felixsanz,javascript
felixsanz,ariake-light-syntax
honzi,javascript
honzi,ale
thepeoplesbourgeois,javascript
thepeoplesbourgeois,d3-vector
cooperka,javascript
cooperka,angular
liuchong,javascript
liuchong,666888
mifi,javascript
mifi,auto-subs
spen,javascript
spen,dotfiles
aaronjensen,javascript
aaronjensen,aaronjensen.github.io
adamlu,javascript
adamlu,adamlu
adamalex,javascript
adamalex,bootstrap
walshie4,javascript
walshie4,apollo-client
itaditya,javascript
itaditya,.github
webfella,javascript
webfella,.vim
AeonAxan,javascript
AeonAxan,Algorithmic-Problems
AjayPoshak,javascript
AjayPoshak,ajayposhak.github.io
againer,javascript
againer,actor-platform
ascott,javascript
ascott,airpal
a0viedo,javascript
a0viedo,2015.jsconf.eu
lxe,javascript
lxe,aleksey.io
AlexJeng,javascript
AlexJeng,api-design-node
t0k4rt,javascript
t0k4rt,AlienorWebLibre
alexeyraspopov,javascript
alexeyraspopov,abstraction-classes
alioguzhan,javascript
alioguzhan,asel
chilipote,javascript
chilipote,2ret-vim
strburst,javascript
strburst,bar
alvinsng,javascript
alvinsng,alt
Mohamed-amin,javascript
Mohamed-amin,allmighty-autocomplete
abrkn,javascript
abrkn,abrkn.github.io
kzsh,javascript
kzsh,.vim
AndrewSouthpaw,javascript
AndrewSouthpaw,2015-02-13-React
ateich,javascript
ateich,BalloonCat
mereskin,javascript
mereskin,atom-react-es6-snippets
andrepolischuk,javascript
andrepolischuk,ager
IgorMinar,angular.js
IgorMinar,agendas
petebacondarwin,angular.js
petebacondarwin,aio-migrator
mhevery,angular.js
mhevery,angular
Narretz,angular.js
Narretz,angular-cellar
vojtajina,angular.js
vojtajina,ace
matsko,angular.js
matsko,.dotfiles
gkalpak,angular.js
gkalpak,aliases
caitp,angular.js
caitp,acorn-es7-plugin
btford,angular.js
btford,007
lgalfaso,angular.js
lgalfaso,angular
mgol,angular.js
mgol,angular
jbedard,angular.js
jbedard,angular
tbosch,angular.js
tbosch,adventurio
shahata,angular.js
shahata,adventofcode-solver
jeffbcross,angular.js
jeffbcross,2013.cascadiajs.com
juliemr,angular.js
juliemr,angular
chirayuk,angular.js
chirayuk,angular
rodyhaddad,angular.js
rodyhaddad,angular
pkozlowski-opensource,angular.js
pkozlowski-opensource,angular
thorn0,angular.js
thorn0,angular-cli
ksheedlo,angular.js
ksheedlo,angular
hzoo,angular.js
hzoo,.-_-.
wesleycho,angular.js
wesleycho,angular
realityking,angular.js
realityking,angular-dashboard-framework
forresst,angular.js
forresst,ava
jdavisp3,angular.js
jdavisp3,7l7w
esprehn,angular.js
esprehn,carbonite
brettcannon,angular.js
brettcannon,ansible
mernen,angular.js
mernen,angular2-jsonapi
SekibOmazic,angular.js
SekibOmazic,.emacs.d
abrons,angular.js
abrons,contextually
NgDashboard,angular.js
gdi2290,angular.js
gdi2290,2013-04-chat-server
frederikprijck,angular.js
frederikprijck,2016-app-ng-be-org
jesselpalmer,angular.js
jesselpalmer,awesome-engineering-managers-handbook
kseamon,angular.js
kseamon,angular
cironunes,angular.js
cironunes,.tmux
fredsa,angular.js
fredsa,appengine-angular-seed-python
jbdeboer,angular.js
jbdeboer,adb_trace
vlajos,angular.js
vlajos,angular
mprobst,angular.js
mprobst,angular
Urigo,angular.js
Urigo,accounts-phone
m-amr,angular.js
m-amr,angular-hint
naomiblack,angular.js
naomiblack,angular
shepheb,angular.js
shepheb,androiddominion
krculp,angular.js
krculp,hello-world
dcherman,angular.js
dcherman,adbjs
jankuca,angular.js
jankuca,angular-sites
kentcdodds,angular.js
kentcdodds,.janus
gsklee,angular.js
gsklee,-tier
rjamet,angular.js
rjamet,angular
marcin-wosinek,angular.js
marcin-wosinek,Action-Menu
stevemao,angular.js
stevemao,0126af95c0e2d9b0a7c78738c4c00a860b04acc8
gdennie,angular.js
gdennie,aether
brent-morrow,angular.js
RichardLitt,angular.js
RichardLitt,---
dbinit,angular.js
dbinit,bcvi
wbyoko,angular.js
wbyoko,20-Buttons
royling,angular.js
royling,angular
dmanek,angular.js
dmanek,dotconfigs
Izhaki,angular.js
Izhaki,dom-to-image
teropa,angular.js
teropa,activerecord-jdbc-adapter
yilinglu,angular.js
yilinglu,algorithm_projects
lrlopez,angular.js
lrlopez,curso-interfaces-web-2016
alkis,angular.js
alkis,decimal
sreeramu,angular.js
sreeramu,Custom-Spinner
jamiekrug,angular.js
jamiekrug,angular
meldaravaniel,angular.js
meldaravaniel,ADSPractice
BobChao87,angular.js
BobChao87,android-basic-samples
bradlygreen,angular.js
bradlygreen,angular
clkao,angular.js
clkao,abstract-random-access
drpicox,angular.js
drpicox,acolib
ProLoser,angular.js
ProLoser,abao
Ore4444,angular.js
Ore4444,attachments
pomerantsev,angular.js
pomerantsev,ambient-chat-client
siddii,angular.js
siddii,a11y-webapp
cexbrayat,angular.js
cexbrayat,12295-repro
revolunet,angular.js
revolunet,aframe
marcysutton,angular.js
marcysutton,2013.cascadiajs.com
nickvdyck,angular.js
nickvdyck,angularts
rkirov,angular.js
rkirov,agtables
kwypchlo,angular.js
kwypchlo,angular-formly
ashtuchkin,angular.js
ashtuchkin,bitstarter
arantius,angular.js
arantius,aaaa
bwiklund,angular.js
bwiklund,3SpaceSensorUnity
bradw2k,angular.js
bradw2k,factory_girl
chikeichan,angular.js
chikeichan,2048
chrisirhc,angular.js
chrisirhc,angular-ui-bootstrap
colincasey,angular.js
colincasey,activewarehouse-etl
geddski,angular.js
geddski,amd-testing
dguzzo,angular.js
dguzzo,baleet
gabrielmaldi,angular.js
gabrielmaldi,DefinitelyTyped
jtymes,angular.js
jtymes,android-widgets
heyjustin,angular.js
heyjustin,angular-es6-template
LeonardoBraga,angular.js
LeonardoBraga,angular
metamatt,angular.js
metamatt,cosmicgiggle-website
mkotsur,angular.js
mkotsur,actors-introduction
Puigcerber,angular.js
Puigcerber,angular
FuzzySockets,angular.js
FuzzySockets,angular
wilford,angular.js
wilford,csp-example
Roland1975,angular.js
Roland1975,backbone-fundamentals
sdornan,angular.js
sdornan,angular-app
sudhirj,angular.js
sudhirj,active_datastore
TEHEK,angular.js
TEHEK,buster-test
tylermcginnis,angular.js
tylermcginnis,angular-seed
wesalvaro,angular.js
wesalvaro,agility
dimirc,angular.js
chimney-sweeper,angular.js
dandoyon,angular.js
dandoyon,angular-phonecat
johnlindquist,angular.js
johnlindquist,AceJump
lordg,angular.js
lordg,croogo
mkolodny,angular.js
mkolodny,.bash_profile
petrovalex,angular.js
petrovalex,amCharts-Angular
matasaru,angular.js
matasaru,awesome-java
maxmart,angular.js
maxmart,graphql-java-relay-router
robinboehm,angular.js
robinboehm,adaptive-detection
campersau,angular.js
campersau,AngleSharp
benlesh,angular.js
benlesh,aim
benmccann,angular.js
benmccann,activator
bripkens,angular.js
bripkens,admin
jeresig,jquery
jeresig,apples2artworks
timmywil,jquery
timmywil,.emacs.d
dmethvin,jquery
dmethvin,api.jquery.com
jzaefferer,jquery
jzaefferer,anchorify.js
rwaldron,jquery
rwaldron,140bytes
markelog,jquery
markelog,adit
gibson042,jquery
gibson042,acorn
brandonaaron,jquery
brandonaaron,acts_as_audited
mgol,jquery
mgol,angular
flesler,jquery
flesler,art-store
mikesherov,jquery
mikesherov,api.jquery.com
csnover,jquery
csnover,buildbot
davids549,jquery
wycats,jquery
wycats,abbot-from-scratch
gnarf,jquery
gnarf,.dotfiles
louisremi,jquery
louisremi,Activable
jitter,jquery
jitter,jquery-cssHooks
scottgonzalez,jquery
scottgonzalez,Aloha-Editor
Krinkle,jquery
Krinkle,apps-android-commons
rkatic,jquery
rkatic,api-skeleton
jbedard,jquery
jbedard,angular
danheberden,jquery
danheberden,bear
azatoth,jquery
azatoth,angular-dragdrop
cowboy,jquery
cowboy,2bux
kswedberg,jquery
kswedberg,18f.gsa.gov
jboesch,jquery
jboesch,Backbone---Bootstrap---Form-Validation
malsup,jquery
malsup,blockui
elijahmanor,jquery
elijahmanor,amplify
mathiasbynens,jquery
mathiasbynens,2014.jsconf.eu
pbakaus,jquery
pbakaus,amp-publisher-sample
sindresorhus,jquery
sindresorhus,-
ajpiano,jquery
ajpiano,ajpiano.github.com
ChrisAntaki,jquery
ChrisAntaki,8bitimager
dcneiner,jquery
dcneiner,1.x
gf3,jquery
gf3,akahn-slash-asterisk
james-huston,jquery
james-huston,angular-autofocus
rdworth,jquery
rdworth,amplify
stefanpetre,jquery
xavi-,jquery
xavi-,advanced_javascriptdebugging_startercode
coreyjewett,jquery
coreyjewett,ack
jrburke,jquery
jrburke,2013.cascadiajs.com
carhartl,jquery
carhartl,airborne
Mr21,jquery
Mr21,artificial-orbit-simulation
SlexAxton,jquery
SlexAxton,2015.texasjavascript.com
aFarkas,jquery
aFarkas,accessible--stylable-Radiobuttons-and-Checkboxes
cmcnulty,jquery
cmcnulty,13077
dcherman,jquery
dcherman,adbjs
alisianoi,jquery
alisianoi,21st-Century-Examples
irae,jquery
irae,andlog
gdrsi,jquery
gdrsi,jasig-cas
justinbmeyer,jquery
justinbmeyer,canjs
araghava,jquery
araghava,cloth-sim
petersendidit,jquery
petersendidit,api.jqueryui.com
fmarcia,jquery
fmarcia,jsmin
fracmak,jquery
fracmak,apollo-client
LeonardoBraga,jquery
LeonardoBraga,angular
ruado1987,jquery
ruado1987,cmdgen
paulirish,jquery
paulirish,2012.beercamp.com
PaulBRamos,jquery
PaulBRamos,Apktool
SaptakS,jquery
SaptakS,2016.opentechsummit.net
stevemao,jquery
stevemao,0126af95c0e2d9b0a7c78738c4c00a860b04acc8
nanto,jquery
nanto,autopagerize
alexr101,jquery
alexr101,advanced-nodejs
ameyms,jquery
ameyms,ameyms.github.com
anthonyryan1,jquery
anthonyryan1,argcomplete
anton-ryzhov,jquery
anton-ryzhov,aiomysql
arthurvr,jquery
arthurvr,add-ellipsis
AurelioDeRosa,jquery
AurelioDeRosa,Algoritmi-Fondamentali
batiste,jquery
batiste,admin-on-rest-test
bentruyman,jquery
bentruyman,altar
ctalkington,jquery
ctalkington,foxtrot
ConnorAtherton,jquery
ConnorAtherton,Achievement
djanowski,jquery
djanowski,ack-tutorial
danielchatfield,jquery
danielchatfield,adfgvx_solver
dgalvez,jquery
dgalvez,ErrorCatcher
davidmurdoch,jquery
davidmurdoch,ace
datag,jquery
datag,beeline
pgilad,jquery
pgilad,advent-of-code-2017
ikhair,jquery
ikhair,merlin
MoonScript,jquery
MoonScript,cdnjs
JessThrysoee,jquery
JessThrysoee,audioalert
Queeniebee,jquery
Queeniebee,accelerometerTest
jonathansampson,jquery
jonathansampson,angular-chart.js
stonelee,jquery
stonelee,android-money
LizaLemons,jquery
LizaLemons,alana-port
kumarmj,jquery
kumarmj,1000_Projects
farmdawgnation,jquery
farmdawgnation,actor-patterns
FarSeeing,jquery
FarSeeing,angular.js
robmorgan,jquery
robmorgan,admiral
tricknotes,jquery
tricknotes,24pullrequests
sbisbee,jquery
sbisbee,apigen
hasclass,jquery
hasclass,acts_as_historical
tjvantoll,jquery
tjvantoll,android-tv
terrycojones,jquery
terrycojones,acml
treyhunner,jquery
treyhunner,2to3
antishok,jquery
antishok,android-lab
victor-homyakov,jquery
victor-homyakov,acorn
ros3cin,jquery
ros3cin,amu_automata_2011
tomfuertes,jquery
tomfuertes,ab
adamco,jquery
aakinwunmi,jquery
alexlouden,jquery
alexlouden,abbottinspace.com
sowcow,jquery
sowcow,blalabla
AlexanderOMara,jquery
AlexanderOMara,AIRControl
alexisabril,jquery
alexisabril,alexisabril.github.io
cobrajs,jquery
cobrajs,cobrahaxe
amitmerchant1990,jquery
amitmerchant1990,100-days-of-code
WebReflection,jquery
WebReflection,2048
aspala,jquery
aspala,devise
amonat,jquery
amonat,bikeboston
andrewplummer,jquery
andrewplummer,APIConnect
agcolom,jquery
agcolom,agcolom.github.io
valueof,jquery
valueof,charted2
NekR,jquery
NekR,angular-cli
campersau,jquery
campersau,AngleSharp
mastahyeti,jquery
mastahyeti,acme-client
benjycui,jquery
benjycui,benjycui.github.io
bsorbo,jquery
bsorbo,jquery-filedrop
berkerpeksag,jquery
berkerpeksag,astor
rhyzx,jquery
rhyzx,actioncable
ry,node
ry,gym
bnoordhuis,node
bnoordhuis,amazing-graceful-fs
isaacs,node
isaacs,.vim
Trott,node
Trott,24pullrequests
indutny,node
indutny,0-cert
piscisaureus,node
piscisaureus,antinode
addaleax,node
addaleax,7z-stream
jasnell,node
jasnell,0x
trevnorris,node
trevnorris,.vim
cjihrig,node
cjihrig,625
tjfontaine,node
tjfontaine,airprint-generate
rvagg,node
rvagg,archived-blorg
mscdex,node
mscdex,base91.js
danbev,node
danbev,aerogear-diffmatchpatch-ios
BridgeAR,node
BridgeAR,acmeair
targos,node
targos,benchd
vsemozhetbyt,node
vsemozhetbyt,marked
joyeecheung,node
joyeecheung,aboutme
TooTallNate,node
TooTallNate,aacplusenc
MylesBorins,node
MylesBorins,2016.cascadiajs.com
koichik,node
koichik,Base64.js
Fishrock123,node
Fishrock123,api-cdi
evanlucas,node
evanlucas,a2switch
sam-github,node
sam-github,admin
apapirovski,node
apapirovski,babel
thefourtheye,node
thefourtheye,akka
TimothyGu,node
TimothyGu,abab
felixge,node
felixge,ack
ofrobots,node
ofrobots,abseil-cpp
mhdawson,node
mhdawson,3dprints
AndreasMadsen,node
AndreasMadsen,article
tniessen,node
tniessen,automation
refack,node
refack,.idea
silverwind,node
silverwind,abortcontroller-polyfill
santigimeno,node
santigimeno,addon-sdk
jbergstroem,node
jbergstroem,aports
orangemocha,node
orangemocha,api
gibfahn,node
gibfahn,advent
eugeneo,node
eugeneo,node-restarter
JacksonTian,node
JacksonTian,500lines
lpinca,node
lpinca,access-control
mmalecki,node
mmalecki,2048-engine
mcollina,node
mcollina,0x
yorkie,node
yorkie,ama
bzoz,node
bzoz,autocannon
fhinkel,node
fhinkel,abi-stable-node
watilde,node
watilde,1337
maclover7,node
maclover7,2016polls
misterdjules,node
misterdjules,advanced-debugging
seishun,node
seishun,advent-of-code
edsadr,node
edsadr,change-api
vkurchatkin,node
vkurchatkin,8bit.js
miksago,node
srl295,node
srl295,.profile.d
joaocgreis,node
joaocgreis,bftools
bengl,node
bengl,abstract-blob-store
chrisdickinson,node
chrisdickinson,2013.cascadiajs.com
brendanashworth,node
brendanashworth,accountant
tflanagan,node
tflanagan,boilerplate-expressjs
zkat,node
zkat,ama
matthewloring,node
matthewloring,async-listener
thughes,node
thughes,Alternator
ChALkeR,node
ChALkeR,asn1.js
devsnek,node
devsnek,2fa
saghul,node
saghul,aiodns
gabrielschulhof,node
gabrielschulhof,abi-stable-node
starkwang,node
starkwang,abcd
davidben,node
davidben,android-cmake
mikeal,node
mikeal,abstract-ledger
hiroppy,node
hiroppy,about.hiroppy
joshgav,node
joshgav,ApplicationInsights-node.js
yosuke-furukawa,node
yosuke-furukawa,3.14P_CHAT
trivikr,node
trivikr,awesome-for-beginners
othiym23,node
othiym23,.vim
kapouer,node
kapouer,ajv
skomski,node
skomski,black-screen
stefanmb,node
stefanmb,agent
aqrln,node
aqrln,aqrln.github.io
HenryRawas,node
HenryRawas,console
shama,node
shama,abstract-leveldown
pquerna,node
pquerna,agent
creationix,node
creationix,3sharks.com
benjamingr,node
benjamingr,act
claudiorodriguez,node
claudiorodriguez,amphtml
italoacasas,node
italoacasas,angular1-boilerplate
Leko,node
Leko,activeresource-chatwork
mithunsasidharan,node
mithunsasidharan,akka
pgriess,node
pgriess,aws4sign
lance,node
lance,2013.cascadiajs.com
ryzokuken,node
ryzokuken,admin
hashseed,node
hashseed,lcov-demo
XadillaX,node
XadillaX,115-group-exitor
mathiasbynens,node
mathiasbynens,2014.jsconf.eu
mranney,node
mranney,farmhash
princejwesley,node
princejwesley,angular-circular-slider
rlidwka,node
rlidwka,ace
bmeck,node
bmeck,---
calvinmetcalf,node
calvinmetcalf,-_-.js
davepacheco,node
davepacheco,binder
DavidCai1993,node
DavidCai1993,30dayMakeOS
jasongin,node
jasongin,abi-stable-node
sreepurnajasti,node
sreepurnajasti,Angular2Demos
geek,node
geek,64
not-an-aardvark,node
not-an-aardvark,acorn
estliberitas,node
estliberitas,angular-gravatar
JungMinu,node
JungMinu,algorithm
rsms,node
rsms,afcgi
iarna,node
iarna,a
jkrems,node
jkrems,async-listener
rmg,node
rmg,2014.cascadiajs.com
sblom,node
sblom,apps-script-oauth1
kfarnung,node
kfarnung,advent-of-code
waveto,node
waveto,mr-ray-open
tricknotes,node
tricknotes,24pullrequests
trentm,node
trentm,all-the-dockers
davidmarkclements,node
davidmarkclements,0x
DrPizza,node
DrPizza,advent-of-code
eljefedelrodeodeljefe,node
eljefedelrodeodeljefe,ack-ui
tj,node
tj,archive
MoonBall,node
MoonBall,all-configuration-files